epoch,accuracy,loss
0,0.4829464554786682,1.420259714126587
1,0.5025402307510376,1.3660670518875122
2,0.5082219243049622,1.3502521514892578
3,0.5115759372711182,1.3405710458755493
4,0.5143171548843384,1.3335579633712769
